{
  "code": "200",
  "message": "获取成功",
  "data": [
    {
      "orgId": "1",
      "name": "南关区教育厅"
    },
    {
      "orgId": "2",
      "name": "宽城区教育厅"
    },
    {
      "orgId": "3",
      "name": "朝阳区教育厅"
    },
    {
      "orgId": "1",
      "name": "南关区教育厅"
    },
    {
      "orgId": "2",
      "name": "宽城区教育厅"
    },
    {
      "orgId": "3",
      "name": "朝阳区教育厅"
    },
    {
      "orgId": "1",
      "name": "南关区教育厅"
    },
    {
      "orgId": "2",
      "name": "宽城区教育厅"
    },
    {
      "orgId": "3",
      "name": "朝阳区教育厅"
    },
    {
      "orgId": "1",
      "name": "南关区教育厅"
    },
    {
      "orgId": "2",
      "name": "宽城区教育厅"
    },
    {
      "orgId": "3",
      "name": "朝阳区教育厅"
    }
  ]
}
