{
  "code": "200",
  "message": "获取成功",
  "data": [
    {
      "id": 1,
      "name": "李春",
      "sex": "男",
      "national": "汉",
      "phone": "15008700753",
      "position": "教师",
      "teacherEduList": "本科提前批次",
      "jobTitle": "高级",
      "teacherSubjList": "数学，语文",
      "status": "正常",
      "schoolId": 1398,
      "total": 22
    },
    {
      "id": 2,
      "name": "王五",
      "sex": "男",
      "national": "汉",
      "phone": "15008700753",
      "position": "教师",
      "teacherEduList": "本科提前批次",
      "jobTitle": "高级",
      "teacherSubjList": "数学，语文",
      "status": "正常",
      "schoolId": 1398
    },
    {
      "id": 3,
      "name": "李春",
      "sex": "男",
      "national": "汉",
      "phone": "15008700753",
      "position": "教师",
      "teacherEduList": "本科提前批次",
      "jobTitle": "高级",
      "teacherSubjList": "数学，语文",
      "status": "正常",
      "schoolId": 1398
    },
    {
      "id": 4,
      "name": "李春",
      "sex": "男",
      "national": "汉",
      "phone": "15008700753",
      "position": "教师",
      "teacherEduList": "本科提前批次",
      "jobTitle": "高级",
      "teacherSubjList": "数学，语文",
      "status": "正常",
      "schoolId": 1398
    },
    {
      "id": 5,
      "name": "李春",
      "sex": "男",
      "national": "汉",
      "phone": "15008700753",
      "position": "教师",
      "teacherEduList": "本科提前批次",
      "jobTitle": "高级",
      "teacherSubjList": "数学，语文",
      "status": "正常",
      "schoolId": 1398
    },
    {
      "id": 6,
      "name": "李春",
      "sex": "男",
      "national": "汉",
      "phone": "15008700753",
      "position": "教师",
      "teacherEduList": "本科提前批次",
      "jobTitle": "高级",
      "teacherSubjList": "数学，语文",
      "status": "正常",
      "schoolId": 1398
    },
    {
      "id": 7,
      "name": "李春",
      "sex": "男",
      "national": "汉",
      "phone": "15008700753",
      "position": "教师",
      "teacherEduList": "本科提前批次",
      "jobTitle": "高级",
      "teacherSubjList": "数学，语文",
      "status": "正常",
      "schoolId": 1398
    },
    {
      "id": 8,
      "name": "李春",
      "sex": "男",
      "national": "汉",
      "phone": "15008700753",
      "position": "教师",
      "teacherEduList": "本科提前批次",
      "jobTitle": "高级",
      "teacherSubjList": "数学，语文",
      "status": "正常",
      "schoolId": 1398
    },
    {
      "id": 9,
      "name": "李春春春",
      "sex": "男",
      "national": "汉",
      "phone": "15008700753",
      "position": "教师",
      "teacherEduList": "本科提前批次",
      "jobTitle": "高级",
      "teacherSubjList": "数学，语文",
      "status": "正常",
      "schoolId": 1398
    },
    {
      "id": 10,
      "name": "李春",
      "sex": "男",
      "national": "汉",
      "phone": "15008700753",
      "position": "教师",
      "teacherEduList": "本科提前批次",
      "jobTitle": "高级",
      "teacherSubjList": "数学，语文",
      "status": "正常",
      "schoolId": 1398
    }
  ]
}
